file_name,company_name,form_name,year,url
ICC12 I-Term App R912 (Generic) (IIPRC).pdf,5 Star Life Insurance Company,Individual Level Term Programs Application,2012,https://filingaccess.serff.com/sfa/search/filingSummary.xhtml?filingId=128710389
ICC17-1504b 24263-717-WA w brackets.pdf,AAA Life Insurance Company,Direct Term Life Application,2017,https://filingaccess.serff.com/sfa/search/filingSummary.xhtml?filingId=131139717
Application (New Business) (IIPRC) 02.pdf,American Family Life Insurance Company,Application for Individual Life Insurance,2015,https://filingaccess.serff.com/sfa/search/filingSummary.xhtml?filingId=130097942
SIT APP v20 COMPACT FILING.pdf,American General Life Insurance Company,Term Life Insurance Application,2012,https://filingaccess.serff.com/sfa/search/filingSummary.xhtml?filingId=128611546
ICC20 ATSI 11-20_112020.pdf,Ameritas Life Insurance Corp.,Application for Individual Life Insurance,2020,https://filingaccess.serff.com/sfa/search/filingSummary.xhtml?filingId=132605396
ICC16 L2B-1 v4 (bracketed).pdfAmica Life Insurance Company,Amica Life Insurance Company,Application,2017,https://filingaccess.serff.com/sfa/search/filingSummary.xhtml?filingId=130676704
TERM Life Enrollment Application Anthem Life Insurance Company 2018 - 8-27-18.pdf,Anthem Life Insurance Company,Individual Term Life Application and Change Form,2018,https://filingaccess.serff.com/sfa/search/filingSummary.xhtml?filingId=131545228
Revised - Application Part 2 ICC07-AXALAPP2    1-22- 08.pdf,AXA Equitable Life Insurance Company,Indiviidual Life Application,2008,https://filingaccess.serff.com/sfa/search/filingSummary.xhtml?filingId=125362005
ICC14-LIA (2-14)  IndividualLifeInsuranceApplication.pdf,Banner Life Insurance Company,Individual Life Insurance Application,2014,https://filingaccess.serff.com/sfa/search/filingSummary.xhtml?filingId=129408419
ICC14-LU1267 (1-14) Part2ParamedicalExam.pdf,Banner Life Insurance Company,Individual Life Insurance Application Part 2 Paramedical Exam,2014,https://filingaccess.serff.com/sfa/search/filingSummary.xhtml?filingId=129408419
ICC14-LU1327 (1-14) Part2MedicalExaminerReport.pdf,Banner Life Insurance Company,Individual Life Insurance Application Part 2 Medical Examiner's Report,2014,https://filingaccess.serff.com/sfa/search/filingSummary.xhtml?filingId=129408419
ICC14-LU1323 (1-14) AddlDetailsSuppAppPartI.pdf,Banner Life Insurance Company,Additional Details Supplement to Application Part I,2014,https://filingaccess.serff.com/sfa/search/filingSummary.xhtml?filingId=129408419
ICC14-LU1324 (1-14) AddlDetailsSuppAppPartII.pdf,Banner Life Insurance Company,Additional Details Supplement to Applicaton Part II,2014,https://filingaccess.serff.com/sfa/search/filingSummary.xhtml?filingId=129408419
ICC14-LU1325 (1-14) AddlDetailsSuppME PartII.pdf,Banner Life Insurance Company,Additional Details Supplement to Medical Exam Part II,2014,https://filingaccess.serff.com/sfa/search/filingSummary.xhtml?filingId=129408419
ICC14-LU1326 (1-14) AddlDetailsSupplME PartIII.pdf,Banner Life Insurance Company,Additional Details Supplement to Medical Exam Part III,2014,https://filingaccess.serff.com/sfa/search/filingSummary.xhtml?filingId=129408419
ICC13-TERMAPP-S Rev.pdf,CMFG Life Insurance Company,Application for Individual Term Life Insurance,2013,https://filingaccess.serff.com/sfa/search/filingSummary.xhtml?filingId=129010943
REIN Life 18 ICC 83210 John Doe v1.pdf,Colonial Life & Accident Insurance Company,Life Reinstatement Application,2018,https://filingaccess.serff.com/sfa/search/filingSummary.xhtml?filingId=131658086
ICC15-F1058E_ Electronic Life Application_150724_0909.pdf,"Fidelity Life Association, A Legal Reserve Life Insurance Company",Electronic Life Application,2015,https://filingaccess.serff.com/sfa/search/filingSummary.xhtml?filingId=130081401
ICC18-E1041_181128_clean.pdf,"Fidelity Life Association, A Legal Reserve Life Insurance Company",Application for Individual Supplemental Life Insurance - Dependent Child Rider Application,2018,https://filingaccess.serff.com/sfa/search/filingSummary.xhtml?filingId=131291918
ICC16-E2050 - 2016-08-25.pdf,"Fidelity Life Association, A Legal Reserve Life Insurance Company",Application for Individual Life Insurance,2019,https://filingaccess.serff.com/sfa/search/filingSummary.xhtml?filingId=130642928
ICC20-E2055 - 2020-05-18_1713 clean.pdf,"Fidelity Life Association, A Legal Reserve Life Insurance Company",Application for Individual Life Insurance,2020,https://filingaccess.serff.com/sfa/search/filingSummary.xhtml?filingId=132347117
ICC19-A-01212 (03-19).pdf,Fidelity Security Life Insurance Company,Individual Level Term Life Application,2019,https://filingaccess.serff.com/sfa/search/filingSummary.xhtml?filingId=131869619
ICC14-TCApp_050114_statefile.pdf,Genworth Life and Annuity Insurance Company,Application for Life Insurance,2014,https://filingaccess.serff.com/sfa/search/filingSummary.xhtml?filingId=129557859
ICC12-ALM-10-30.pdf,Gerber Life Insurance Company,Application for Adult Term LIfe Insurance,2012,https://filingaccess.serff.com/sfa/search/filingSummary.xhtml?filingId=128729127
RGX02.Application 2.0.20190613.pdf,Greenhouse Life Insurance Company,Electronic Application,2019,https://filingaccess.serff.com/sfa/search/filingSummary.xhtml?filingId=131896370
ICC17-APP-2017101 Rev 00-00 (8.31.17).pdf,Liberty Life Assurance Company of Boston,Application for Individual Life,2017,https://filingaccess.serff.com/sfa/search/filingSummary.xhtml?filingId=131100510
Refliexive questions 8.30.2017 v2.pdf,Liberty Life Assurance Company of Boston,Reflexive Questions,2017,https://filingaccess.serff.com/sfa/search/filingSummary.xhtml?filingId=131100510
ICC20-LUM-SI-APP-001 Rev CL 2020.09.18.pdf,Lumico Life Insurance Company,Application for Individual Life Term Insurance Simplified Issue,2020,https://filingaccess.serff.com/sfa/search/filingSummary.xhtml?filingId=132454559
LUMICO ICC17-LUM-SI-APP-001 Clean 8.28.17.pdf,Lumico Life Insurance Company,Application for Individual Life Insurance,2017,https://filingaccess.serff.com/sfa/search/filingSummary.xhtml?filingId=131140881
ICC14A2200.pdf,Massachusetts Mutual Life Insurance Company,Application for informational purposes,2016,https://filingaccess.serff.com/sfa/search/filingSummary.xhtml?filingId=130576776
ICC18A2200 0418.pdf,Massachusetts Mutual Life Insurance Company,Application,2018,https://filingaccess.serff.com/sfa/search/filingSummary.xhtml?filingId=131487065
ICC15-50894 ML All bill Base 12-16-15.pdf,Minnesota Life Insurance Company,Simplified Issue Term Life Insurance Consumer Application,2015,https://filingaccess.serff.com/sfa/search/filingSummary.xhtml?filingId=130271268
ICC16-777 (7-13) new.pdf,Motorists Life Company,Easy Application,2016,https://filingaccess.serff.com/sfa/search/filingSummary.xhtml?filingId=130552015
ICC13 75-402 (6.13) rev 1 app only.pdf,National Teachers Associates Life Insurance Company,Application for Individual SimpleTerm Life Insurance,2013,https://filingaccess.serff.com/sfa/search/filingSummary.xhtml?filingId=129121709
ICC17 01-9072-17.pdf,National Western Life Insurance Company,Application for Individual Life Insurance,2017,https://filingaccess.serff.com/sfa/search/filingSummary.xhtml?filingId=130170896
ICC20L3236B Application_20200708.pdf,North American Company for Life and Health Insurance,Individual Life Insurance Application,2020,https://filingaccess.serff.com/sfa/search/filingSummary.xhtml?filingId=132376316
OL4296 11-21-07 with JOHN DOE.pdf,PHL Variable Insurance Company,Application for Term Individual Life Insurance,2007,https://filingaccess.serff.com/sfa/search/filingSummary.xhtml?filingId=125328136
OL4296 11-21-07 with JOHN DOE - PLIC.pdf,Phoenix Life Insurance Company,Application for Term Individual Life Insurance,2007,https://filingaccess.serff.com/sfa/search/filingSummary.xhtml?filingId=125359318
ICC12 PLA-55 REV.pdf,Primerica Life Insurance Company,TermPro Individual Term Life Application,2013,https://filingaccess.serff.com/sfa/search/filingSummary.xhtml?filingId=128899695
165280_12052012_StateFiling IC.pdf,ReliaStar Life Insurance Company,Individual Term Life Insurance Application,2013,https://filingaccess.serff.com/sfa/search/filingSummary.xhtml?filingId=128661950
ICC17-U-ME2WLTECS17 rev 3.14.17 clean.pdf,"S.USA Life Insurance Company, Inc.",Part II Application for Life Insurance,2017,https://filingaccess.serff.com/sfa/search/filingSummary.xhtml?filingId=130893551
Parachute_AUW_Application Amended - 5.18.21.pdf,Securian Life Insurance Company,Individual Term Life Application,2021,https://filingaccess.serff.com/sfa/search/filingSummary.xhtml?filingId=132808466
Follow up Questions AUW Life - 5.21.21.pdf,Securian Life Insurance Company,Reflexive/Follow up questions for Application,2021,https://filingaccess.serff.com/sfa/search/filingSummary.xhtml?filingId=132808466
ICC19-0014248XX 012019.pdf,Security Mutual Life Insurance Company of New York,Individual Application,2019,https://filingaccess.serff.com/sfa/search/filingSummary.xhtml?filingId=131806189
ICC10-1.1.pdf,Shelter Life Insurance Company,Individual Life Insurance Application,2010,https://filingaccess.serff.com/sfa/search/filingSummary.xhtml?filingId=126752840
ICC10-L18.3.pdf,Shelter Life Insurance Company,Hazardous Activities Questionnaire,2010,https://filingaccess.serff.com/sfa/search/filingSummary.xhtml?filingId=126752840
ICC10-L18.4.pdf,Shelter Life Insurance Company,Aviation Questionnaire,2010,https://filingaccess.serff.com/sfa/search/filingSummary.xhtml?filingId=126752840
ICC13SLTLA2.pdf,Standard Life and Accident Insurance Company,Application for Individual Life Insurance,2016,https://filingaccess.serff.com/sfa/search/filingSummary.xhtml?filingId=129103960
ICC 16 1007857 IAT ICC App Final 20160426 Bracketed 20160428.pdf,State Farm Life Insurance Company,Instant Answer Term Life Application,2016,https://filingaccess.serff.com/sfa/search/filingSummary.xhtml?filingId=130438254
ICC13-CSITL-RE 2013-5-9.pdf,The Chesapeake Life Insurance Company,Reinstatement Application,2013,https://filingaccess.serff.com/sfa/search/filingSummary.xhtml?filingId=128942902
IIPRC Form CLI-1025-IIPRC 1-12 REVISED 5-3-12.pdf,The Cincinnati Life Insurance Company,Application for Individual Life Insurance,2012,https://filingaccess.serff.com/sfa/search/filingSummary.xhtml?filingId=127976380
ICC19-ULLA-IUF-0719 - Fully Underwritten.pdf,The Union Labor Life Insurance Company,Fully Underwritten Application,2019,https://filingaccess.serff.com/sfa/search/filingSummary.xhtml?filingId=132009249
ICC18-11000_bpf_Term_App_New (rev 08 2018).pdf,Thrivent Financial for Lutherans,Individual Term Life Insurance Application,2018,https://filingaccess.serff.com/sfa/search/filingSummary.xhtml?filingId=131559047
ICC17 TCL-LTDRAPP.pdf,TIAA-CREF Life Insurance Company,INDIVIDUAL LEVEL TERM LIFE INSURANCE APPLICATION â€“ PART I,2017,https://filingaccess.serff.com/sfa/search/filingSummary.xhtml?filingId=130992757
ICC18-VLT4A Term Life.pdf,Vantis Life Insurance Company,Term Life Application,2018,https://filingaccess.serff.com/sfa/search/filingSummary.xhtml?filingId=131658457
